{"cameraMode":{"drawMode":0,"name":"Shaded","section":"Shading Mode"},"sceneLighting":true,"audioPlay":false,"sceneViewState":{"m_AlwaysRefresh":false,"showFog":true,"showSkybox":true,"showFlares":true,"showImageEffects":true,"showParticleSystems":true,"showVisualEffectGraphs":true,"m_FxEnabled":true},"in2DMode":false,"pivot":{"x":-2.0684399604797365,"y":3.5569474697113039,"z":-0.9512835741043091},"rotation":{"x":0.22728371620178224,"y":-0.7031773328781128,"z":0.25656890869140627,"w":0.6231367588043213},"size":8.552571296691895,"orthographic":true}